brand_name,generic_name
sodium chloride,0.9 % sodium chloride
irbesartan,irbesartan
amlodipine besylate,amlodipine besylate
isoniazid,isoniazid
isosorbide dinitrate,isosorbide dinitrate
isosorbide mononitrate,isosorbide mononitrate
isradipine,isradipine
itraconazole,itraconazole
ivermectin,ivermectin
ketoconazole,ketoconazole
ketoprofen,ketoprofen
ketorolac tromethamine,ketorolac tromethamine
ketotifen fumarate,ketotifen fumarate
lactic acid,lactic acid
lactulose,lactulose
lamivudine,lamivudine
amoxapine,amoxapine
lamotrigine,lamotrigine
lansoprazole,lansoprazole
amoxicillin,amoxicillin
latanoprost,latanoprost
leflunomide,leflunomide
letrozole,letrozole
calcium folinate,leucovorin calcium
leucovorin calcium,leucovorin calcium
leuprolide acetate,leuprolide acetate
levetiracetam,levetiracetam
levocarnitine,levocarnitine
levocarnitine,levocarnitine (with sugar)
levofloxacin,levofloxacin
acamprosate calcium,acamprosate calcium
levonorgestrel,levonorgestrel
levothyroxine sodium,levothyroxine sodium
amphotericin b,amphotericin b
lidocaine,lidocaine
ampicillin sodium,ampicillin sodium
lindane,lindane
linezolid,linezolid
liothyronine sodium,liothyronine sodium
lisinopril,lisinopril
lithium carbonate,lithium carbonate
lithium,lithium citrate
lithium citrate,lithium citrate
amyl nitrite,amyl nitrite
lomustine,lomustine
loperamide,loperamide hcl
lorazepam,lorazepam
losartan potassium,losartan potassium
lovastatin,lovastatin
loxapine,loxapine succinate
mafenide acetate,mafenide acetate
magnesium chloride,magnesium chloride
magnesium sulfate,magnesium sulfate
magnesium sulfate,magnesium sulfate in water
malathion,malathion
mannitol,mannitol
anastrozole,anastrozole
mebendazole,mebendazole
meclofenamate sodium,meclofenamate sodium
medroxyprogesterone acetate,medroxyprogesterone acetate
mefenamic acid,mefenamic acid
megestrol acetate,megestrol acetate
meloxicam,meloxicam
meprobamate,meprobamate
mercaptopurine,mercaptopurine
meropenem,meropenem
acarbose,acarbose
mesalamine,mesalamine
mesalamine,mesalamine w/cleansing wipes
mesna,mesna
metaproterenol sulfate,metaproterenol sulfate
methazolamide,methazolamide
methenamine hippurate,methenamine hippurate
methenamine mandelate,methenamine mandelate
methimazole,methimazole
methocarbamol,methocarbamol
methotrexate,methotrexate sodium
methotrexate,methotrexate sodium/pf
methotrexate sodium,methotrexate sodium/pf
methoxsalen,"methoxsalen, rapid"
methyclothiazide,methyclothiazide
methyldopa,methyldopa
methylene blue,methylene blue
methylergonovine maleate,methylergonovine maleate
methylprednisolone,methylprednisolone
methylprednisolone acetate,methylprednisolone acetate
methyltestosterone,methyltestosterone
metipranolol,metipranolol
metolazone,metolazone
metoprolol succinate,metoprolol succinate
metoprolol tartrate,metoprolol tartrate
metronidazole,metronidazole
metronidazole,metronidazole/sodium chloride
milrinone lactate,milrinone lactate
minoxidil,minoxidil
mirtazapine,mirtazapine
misoprostol,misoprostol
mitomycin,mitomycin
modafinil,modafinil
mometasone furoate,mometasone furoate
montelukast sodium,montelukast sodium
morphine sulfate,morphine sulfate
morphine sulfate,morphine sulfate/pf
aripiprazole,aripiprazole
mupirocin,mupirocin
mupirocin,mupirocin calcium
mycophenolate mofetil,mycophenolate mofetil
mycophenolic acid,mycophenolate sodium
nabumetone,nabumetone
nadolol,nadolol
nafcillin,"nafcillin in dextrose,iso-osm"
nafcillin sodium,nafcillin sodium
naproxen,naproxen
naproxen sodium,naproxen sodium
nateglinide,nateglinide
neomycin sulfate,neomycin sulfate
neostigmine methylsulfate,neostigmine methylsulfate
nevirapine,nevirapine
atenolol,atenolol
nifedipine,nifedipine
nimodipine,nimodipine
nisoldipine,nisoldipine
nitrofurantoin,nitrofurantoin
nitrofurantoin,nitrofurantoin macrocrystal
nitroglycerin,nitroglycerin
nizatidine,nizatidine
atorvastatin calcium,atorvastatin calcium
norethindrone,norethindrone
atovaquone,atovaquone
atracurium besylate,atracurium besylate
norethindrone acetate,norethindrone acetate
atropine sulfate,atropine sulfate
nystatin,nystatin
octreotide acetate,octreotide acetate
ofloxacin,ofloxacin
olanzapine,olanzapine
atropine sulfate,atropine sulfate/pf
omeprazole,omeprazole
opium tincture,opium tincture
azacitidine,azacitidine
orphenadrine citrate,orphenadrine citrate
oxacillin sodium,oxacillin sodium
oxacillin,"oxacillin sodium/dextrose,iso"
oxaliplatin,oxaliplatin
oxandrolone,oxandrolone
oxaprozin,oxaprozin
oxazepam,oxazepam
oxcarbazepine,oxcarbazepine
oxybutynin chloride,oxybutynin chloride
azathioprine,azathioprine
oxytocin,oxytocin
paclitaxel,paclitaxel
pamidronate disodium,pamidronate disodium
pantoprazole sodium,pantoprazole sodium
amino acids,parenteral amino acid 15% no.1
paricalcitol,paricalcitol
paromomycin sulfate,paromomycin sulfate
azithromycin,azithromycin
penicillin g potassium,penicillin g potassium
penicillin g sodium,penicillin g sodium
penicillin v potassium,penicillin v potassium
pentoxifylline,pentoxifylline
azithromycin,azithromycin hydrogen citrate
perindopril erbumine,perindopril erbumine
permethrin,permethrin
perphenazine,perphenazine
phenelzine sulfate,phenelzine sulfate
phenobarbital,phenobarbital
phenobarbital sodium,phenobarbital sodium
aztreonam,aztreonam
phentolamine mesylate,phentolamine mesylate
phenytoin,phenytoin
phenytoin sodium,phenytoin sodium
pimozide,pimozide
pindolol,pindolol
piperacillin,piperacillin sodium
piroxicam,piroxicam
bacitracin,bacitracin
baclofen,baclofen
podofilox,podofilox
polymyxin b sulfate,polymyxin b sulfate
potassium chloride,pot chloride/pot bicarb/cit ac
potassium acetate,potassium acetate
potassium bicarbonate,potassium bicarbonate/cit ac
potassium chloride,potassium chloride
potassium citrate,potassium citrate
balsalazide disodium,balsalazide disodium
pravastatin sodium,pravastatin sodium
prednicarbate,prednicarbate
prednisolone,prednisolone
prednisolone acetate,prednisolone acetate
prednisolone sodium phosphate,prednisolone sod phosphate
prednisone,prednisone
primaquine,primaquine phosphate
primidone,primidone
probenecid,probenecid
prochlorperazine,prochlorperazine
prochlorperazine maleate,prochlorperazine
prochlorperazine edisylate,prochlorperazine edisylate
prochlorperazine maleate,prochlorperazine maleate
progesterone,progesterone
progesterone,"progesterone,micronized"
propantheline bromide,propantheline bromide
propylthiouracil,propylthiouracil
pyrazinamide,pyrazinamide
pyridostigmine bromide,pyridostigmine bromide
quetiapine fumarate,quetiapine fumarate
quinidine gluconate,quinidine gluconate
quinidine sulfate,quinidine sulfate
quinine sulfate,quinine sulfate
rabeprazole sodium,rabeprazole sodium
ramipril,ramipril
repaglinide,repaglinide
reserpine,reserpine
ribavirin,ribavirin
rifabutin,rifabutin
rifampin,rifampin
riluzole,riluzole
risedronate sodium,risedronate sodium
risperidone,risperidone
rivastigmine,rivastigmine
benzonatate,benzonatate
rivastigmine,rivastigmine tartrate
rizatriptan,rizatriptan benzoate
rocuronium bromide,rocuronium bromide
salicylic acid,salicylic acid
salicylic acid,salicylic acid/ceramide cmb #1
salsalate,salsalate
scopolamine hydrobromide,scopolamine hydrobromide
benzoyl peroxide,benzoyl peroxide
selenium sulfide,selenium sulfide
sevelamer carbonate,sevelamer carbonate
sildenafil,sildenafil citrate
silver nitrate,silver nitrate
silver sulfadiazine,silver sulfadiazine
simvastatin,simvastatin
sirolimus,sirolimus
sodium acetate,sodium acetate
sodium bicarbonate,sodium bicarbonate
sodium chloride,sodium chloride
sodium chloride,sodium chloride 0.45 %
sodium chloride,sodium chloride 3 %
sodium chloride,sodium chloride 5 %
sodium chloride,sodium chloride for inhalation
sodium chloride,sodium chloride irrig solution
sodium fluoride,sodium fluoride
benzoyl peroxide,benzoyl peroxide microspheres
sodium phenylbutyrate,sodium phenylbutyrate
sodium phosphate,"sodium phos,m-basic-d-basic"
sodium polystyrene sulfonate,sodium polystyrene sulfonate
sodium thiosulfate,sodium thiosulfate
benzoyl peroxide,benzoyl peroxide&skin cleansr5
sotalol,sotalol hcl
spironolactone,spironolactone
stannous fluoride,stannous fluoride
stavudine,stavudine
streptomycin sulfate,streptomycin sulfate
benzoyl peroxide,benzoyl peroxide/urea
sucralfate,sucralfate
sulfacetamide sodium,sulfacetamide sodium
benztropine mesylate,benztropine mesylate
sulfacetamide sodium,sulfacetamide sodium/urea
sulfadiazine,sulfadiazine
sulfasalazine,sulfasalazine
sulindac,sulindac
sumatriptan,sumatriptan
sumatriptan succinate,sumatriptan succinate
betamethasone dipropionate,betamethasone dipropionate
betamethasone valerate,betamethasone valerate
betamethasone dipropionate,betamethasone/propylene glyc
tacrolimus,tacrolimus
tamoxifen citrate,tamoxifen citrate
bethanechol chloride,bethanechol chloride
telmisartan,telmisartan
temazepam,temazepam
terbutaline sulfate,terbutaline sulfate
terconazole,terconazole
bexarotene,bexarotene
testosterone,testosterone
testosterone cypionate,testosterone cypionate
testosterone enanthate,testosterone enanthate
bicalutamide,bicalutamide
tetanus toxoid adsorbed,"tetanus toxoid, adsorbed/pf"
tetrabenazine,tetrabenazine
theophylline,theophylline anhydrous
bimatoprost,bimatoprost
thiotepa,thiotepa
thiothixene,thiothixene
timolol maleate,timolol maleate
tinidazole,tinidazole
tobramycin,tobramycin
tobramycin,tobramycin in 0.225% nacl
tobramycin sulfate,tobramycin sulfate
tolazamide,tolazamide
tolbutamide,tolbutamide
tolcapone,tolcapone
tolmetin sodium,tolmetin sodium
tolterodine tartrate,tolterodine tartrate
topiramate,topiramate
torsemide,torsemide
trandolapril,trandolapril
bisoprolol fumarate,bisoprolol fumarate
tranexamic acid,tranexamic acid
tranylcypromine sulfate,tranylcypromine sulfate
travoprost,travoprost (benzalkonium)
tretinoin,tretinoin
tretinoin,tretinoin/emollient base
triamcinolone acetonide,triamcinolone acetonide
triazolam,triazolam
bleomycin sulfate,bleomycin sulfate
trifluridine,trifluridine
trimethoprim,trimethoprim
trimipramine maleate,trimipramine maleate
tropicamide,tropicamide
trospium chloride,trospium chloride
urea,urea
urea,urea/lactic ac/zn undecylenate
urea,urea/lactic acid/salicylic ac
ursodiol,ursodiol
valproic acid,valproic acid
valproate sodium,valproic acid (as sodium salt)
valproic acid,valproic acid (as sodium salt)
valsartan,valsartan
acetazolamide,acetazolamide
vancomycin,"vancomycin in dextrose,iso-osm"
vandetanib,vandetanib
brimonidine tartrate,brimonidine tartrate
vasopressin,vasopressin
vinblastine sulfate,vinblastine sulfate
vincristine sulfate,vincristine sulfate
vinorelbine tartrate,vinorelbine tartrate
voriconazole,voriconazole
warfarin sodium,warfarin sodium
zafirlukast,zafirlukast
zaleplon,zaleplon
zidovudine,zidovudine
bromfenac sodium,bromfenac sodium
zinc sulfate,zinc sulfate
zoledronic acid,zoledronic acid
zoledronic acid,zoledronic acid/mannitol&water
zolmitriptan,zolmitriptan
zolpidem tartrate,zolpidem tartrate
zonisamide,zonisamide
bromocriptine mesylate,bromocriptine mesylate
acetazolamide sodium,acetazolamide sodium
budesonide,budesonide
acetic acid,acetic acid
bumetanide,bumetanide
butorphanol tartrate,butorphanol tartrate
cabergoline,cabergoline
caffeine citrate,caffeine citrated
calcipotriene,calcipotriene
calcitriol,calcitriol
calcium acetate,calcium acetate
calcium chloride,calcium chloride
calcium gluconate,calcium gluconate
candesartan cilexetil,candesartan cilexetil
capecitabine,capecitabine
captopril,captopril
carbamazepine,carbamazepine
carbinoxamine maleate,carbinoxamine maleate
carboplatin,carboplatin
carisoprodol,carisoprodol
carvedilol,carvedilol
cefaclor,cefaclor
cefadroxil,cefadroxil
cefazolin sodium,cefazolin sodium
cefazolin,"cefazolin sodium/dextrose,iso"
cefazolin sodium,"cefazolin sodium/dextrose,iso"
cefdinir,cefdinir
acetylcysteine,acetylcysteine
cefditoren pivoxil,cefditoren pivoxil
cefepime,"cefepime hcl/dextrose, iso-osm"
cefixime,cefixime
cefotaxime sodium,cefotaxime sodium
acitretin,acitretin
cefotetan,cefotetan disodium
cefoxitin,cefoxitin sodium
cefoxitin sodium,"cefoxitin sodium/dextrose,iso"
cefpodoxime proxetil,cefpodoxime proxetil
cefprozil,cefprozil
ceftazidime,ceftazidime
ceftazidime,ceftazidime in dextrose5%water
ceftibuten,ceftibuten
ceftriaxone,"ceftriaxone na/dextrose,iso"
ceftriaxone,ceftriaxone sodium
cefuroxime,cefuroxime axetil
cefuroxime axetil,cefuroxime axetil
cefuroxime sodium,cefuroxime sodium
celecoxib,celecoxib
cephalexin,cephalexin
acyclovir,acyclovir
chloral hydrate,chloral hydrate
chlorhexidine gluconate,chlorhexidine gluconate
chloroquine phosphate,chloroquine phosphate
chlorothiazide,chlorothiazide
chlorothiazide sodium,chlorothiazide sodium
acyclovir sodium,acyclovir sodium
chlorpropamide,chlorpropamide
chlorthalidone,chlorthalidone
chlorzoxazone,chlorzoxazone
adapalene,adapalene
ciclopirox,ciclopirox
ciclopirox,ciclopirox olamine
ciclopirox,ciclopirox/ure/camph/menth/euc
ciclopirox,ciclopirox/vite/nail lacq remo
cidofovir,cidofovir
cilostazol,cilostazol
cimetidine,cimetidine
cimetidine,cimetidine hcl
ciprofloxacin,ciprofloxacin
ciprofloxacin,ciprofloxacin lactate
cisplatin,cisplatin
adefovir dipivoxil,adefovir dipivoxil
citalopram,citalopram hydrobromide
clarithromycin,clarithromycin
clemastine fumarate,clemastine fumarate
clindamycin phosphate,clindamycin phosphate
clobetasol propionate,clobetasol propionate
clocortolone pivalate,clocortolone pivalate
clomiphene citrate,clomiphene citrate
clonazepam,clonazepam
clonidine,clonidine
clopidogrel,clopidogrel bisulfate
clorazepate dipotassium,clorazepate dipotassium
clotrimazole,clotrimazole
clozapine,clozapine
codeine sulfate,codeine sulfate
colchicine,colchicine
cortisone,cortisone acetate
cortisone acetate,cortisone acetate
cromolyn sodium,cromolyn sodium
folic acid,cyanocobalamin/fa/pyridoxine
cyclophosphamide,cyclophosphamide
cycloserine,cycloserine
cyclosporine,cyclosporine
cyclosporine,"cyclosporine, modified"
cytarabine,cytarabine
cytarabine,cytarabine/pf
dacarbazine,dacarbazine
danazol,danazol
dantrolene sodium,dantrolene sodium
albuterol sulfate,albuterol sulfate
dapsone,dapsone
decitabine,decitabine
deferoxamine mesylate,deferoxamine mesylate
desloratadine,desloratadine
desmopressin acetate,desmopressin (nonrefrigerated)
desmopressin acetate,desmopressin acetate
desonide,desonide
desoximetasone,desoximetasone
dexamethasone,dexamethasone
dexamethasone sodium phosphate,dexamethasone sod phosphate
dexamethasone sodium phosphate,dexamethasone sodium phosp/pf
dexchlorpheniramine maleate,dexchlorpheniramine maleate
alclometasone dipropionate,alclometasone dipropionate
dexrazoxane,dexrazoxane hcl
dextroamphetamine sulfate,dextroamphetamine sulfate
glucose,dextrose
diazepam,diazepam
diclofenac potassium,diclofenac potassium
diclofenac sodium,diclofenac sodium
dicloxacillin sodium,dicloxacillin sodium
didanosine,didanosine
diflorasone diacetate,diflorasone diacetate
diflunisal,diflunisal
dihydroergotamine mesylate,dihydroergotamine mesylate
hydroquinone,dioxybenzone/pdo/hydroquinone
dipyridamole,dipyridamole
disopyramide phosphate,disopyramide phosphate
disulfiram,disulfiram
divalproex sodium,divalproex sodium
docetaxel,docetaxel
domperidone,domperidone
doxazosin mesylate,doxazosin mesylate
doxercalciferol,doxercalciferol
abacavir,abacavir sulfate
doxycycline hyclate,doxycycline hyclate
dronabinol,dronabinol
droperidol,droperidol
dutasteride,dutasteride
econazole nitrate,econazole nitrate
alendronate sodium,alendronate sodium
enalapril maleate,enalapril maleate
enoxaparin sodium,enoxaparin sodium
entacapone,entacapone
entecavir,entecavir
ephedrine sulfate,ephedrine sulfate
epinephrine,epinephrine
epinephrine,epinephrine hcl/pf
eplerenone,eplerenone
eprosartan mesylate,eprosartan mesylate
ergoloid mesylates,ergoloid mesylates
erythromycin,erythromycin base
erythromycin,erythromycin base/ethanol
erythromycin ethylsuccinate,erythromycin ethylsuccinate
escitalopram oxalate,escitalopram oxalate
esomeprazole magnesium,esomeprazole magnesium
esomeprazole sodium,esomeprazole sodium
esomeprazole strontium,esomeprazole strontium
estazolam,estazolam
estradiol,estradiol
estradiol valerate,estradiol valerate
estropipate,estropipate
eszopiclone,eszopiclone
ethosuximide,ethosuximide
allopurinol,allopurinol
etidronate disodium,etidronate disodium
etodolac,etodolac
etoposide,etoposide
almotriptan malate,almotriptan malate
exemestane,exemestane
nicotinamide,fa/niacinamide/cupric ox/zn ox
famciclovir,famciclovir
famotidine,famotidine
famotidine,"famotidine in nacl,iso-osm/pf"
famotidine,famotidine/pf
felbamate,felbamate
fenofibrate,fenofibrate
fenofibrate,fenofibrate nanocrystallized
fenofibrate,"fenofibrate,micronized"
fenoprofen calcium,fenoprofen calcium
fentanyl,fentanyl
fentanyl citrate,fentanyl citrate
fentanyl citrate,fentanyl citrate/pf
finasteride,finasteride
flecainide acetate,flecainide acetate
fluconazole,fluconazole
flucytosine,flucytosine
fludarabine phosphate,fludarabine phosphate
fludrocortisone acetate,fludrocortisone acetate
flumazenil,flumazenil
alprazolam,alprazolam
flunisolide,flunisolide
fluocinolone acetonide,fluocinolone acetonide
fluocinolone acetonide,fluocinolone/shower cap
fluocinonide,fluocinonide
fluorometholone,fluorometholone
fluorouracil,fluorouracil
fluphenazine decanoate,fluphenazine decanoate
flurbiprofen,flurbiprofen
flurbiprofen sodium,flurbiprofen sodium
flutamide,flutamide
fluticasone propionate,fluticasone propionate
fluvastatin sodium,fluvastatin sodium
fluvoxamine maleate,fluvoxamine maleate
folic acid,folic acid
fondaparinux sodium,fondaparinux sodium
alprostadil,alprostadil
foscarnet sodium,foscarnet sodium
fosinopril sodium,fosinopril sodium
fosphenytoin sodium,fosphenytoin sodium
furosemide,furosemide
gabapentin,gabapentin
galantamine hydrobromide,galantamine hbr
ganciclovir sodium,ganciclovir sodium
gatifloxacin,gatifloxacin
gemfibrozil,gemfibrozil
gentamicin sulfate,gentamicin sulfate
gentamicin sulfate,gentamicin sulfate/pf
glimepiride,glimepiride
glipizide,glipizide
glyburide,glyburide
glycopyrrolate,glycopyrrolate
griseofulvin,"griseofulvin, microsize"
guaifenesin,guaifenesin
amantadine,amantadine hcl
halobetasol propionate,halobetasol propionate
amcinonide,amcinonide
haloperidol,haloperidol
haloperidol decanoate,haloperidol decanoate
haloperidol,haloperidol lactate
haloperidol lactate,haloperidol lactate
hydrocortisone,"hc/mineral oil/petrolat,wht"
amifostine,amifostine crystalline
heparin sodium,"heparin sodium,porcine"
heparin sodium,"heparin sodium,porcine/pf"
amikacin sulfate,amikacin sulfate
homatropine,homatropine hbr
homatropine hydrobromide,homatropine hbr
hydrochlorothiazide,hydrochlorothiazide
hydrocortisone,hydrocortisone
hydrocortisone acetate,hydrocortisone acetate
hydrocortisone acetate,hydrocortisone acetate/aloe v
hydrocortisone butyrate,hydrocortisone butyrate
hydrocortisone butyrate,hydrocortisone butyrate/emoll
hydrocortisone valerate,hydrocortisone valerate
hydroquinone,hydroquinone
hydroquinone,hydroquinone microspheres
hydroxocobalamin,hydroxocobalamin
hydroxychloroquine sulfate,hydroxychloroquine sulfate
hydroxyurea,hydroxyurea
hydroxyzine pamoate,hydroxyzine pamoate
hyoscyamine sulfate,hyoscyamine sulfate
aminocaproic acid,aminocaproic acid
ibandronate sodium,ibandronate sodium
ibuprofen,ibuprofen
ifosfamide,ifosfamide
aminophylline,aminophylline
imipramine pamoate,imipramine pamoate
imiquimod,imiquimod
indapamide,indapamide
indomethacin,indomethacin
ipratropium bromide,ipratropium bromide
zytiga,abiraterone acetate
avapro,irbesartan
norvasc,amlodipine besylate
marplan,isocarboxazid
dilatrate-sr,isosorbide dinitrate
isordil,isosorbide dinitrate
isordil titradose,isosorbide dinitrate
imdur,isosorbide mononitrate
isosorbide mononitrate er,isosorbide mononitrate
monoket,isosorbide mononitrate
absorica,isotretinoin
amnesteem,isotretinoin
claravis,isotretinoin
myorisan,isotretinoin
zenatane,isotretinoin
dynacirc cr,isradipine
onmel,itraconazole
sporanox,itraconazole
kalydeco,ivacaftor
sklice,ivermectin
soolantra,ivermectin
stromectol,ivermectin
ixempra,ixabepilone
ninlaro,ixazomib citrate
extina,ketoconazole
ketodan,ketoconazole
nizoral,ketoconazole
xolegel,ketoconazole
acular,ketorolac tromethamine
acular ls,ketorolac tromethamine
sprix,ketorolac tromethamine
vimpat,lacosamide
constulose,lactulose
enulose,lactulose
generlac,lactulose
kristalose,lactulose
epivir,lamivudine
epivir hbv,lamivudine
lamivudine hbv,lamivudine
lamictal,lamotrigine
lamictal (blue),lamotrigine
lamictal (green),lamotrigine
lamictal (orange),lamotrigine
lamictal odt,lamotrigine
lamictal odt (blue),lamotrigine
lamictal odt (green),lamotrigine
lamictal odt (orange),lamotrigine
lamictal xr,lamotrigine
lamictal xr (blue),lamotrigine
lamictal xr (green),lamotrigine
lamictal xr (orange),lamotrigine
lamotrigine er,lamotrigine
lamotrigine odt,lamotrigine
somatuline depot,lanreotide acetate
prevacid,lansoprazole
fosrenol,lanthanum carbonate
tykerb,lapatinib ditosylate
aldurazyme,laronidase
xalatan,latanoprost
arava,leflunomide
revlimid,lenalidomide
lenvima,lenvatinib mesylate
amoxil,amoxicillin
femara,letrozole
eligard,leuprolide acetate
lupron depot,leuprolide acetate
lupron depot-ped,leuprolide acetate
moxatag,amoxicillin
keppra,levetiracetam
keppra xr,levetiracetam
levetiracetam er,levetiracetam
carnitor,levocarnitine
carnitor sf,levocarnitine
iquix,levofloxacin
levaquin,levofloxacin
quixin,levofloxacin
fusilev,levoleucovorin calcium
mirena,levonorgestrel
my way,levonorgestrel
next choice,levonorgestrel
next choice one dose,levonorgestrel
plan b one-step,levonorgestrel
skyla,levonorgestrel
evekeo,amphetamine sulfate
levothroid,levothyroxine sodium
levoxyl,levothyroxine sodium
synthroid,levothyroxine sodium
tirosint,levothyroxine sodium
unithroid,levothyroxine sodium
lidoderm,lidocaine
linzess,linaclotide
tradjenta,linagliptin
zyvox,linezolid
cytomel,liothyronine sodium
saxenda,liraglutide
victoza 2-pak,liraglutide
victoza 3-pak,liraglutide
vyvanse,lisdexamfetamine dimesylate
prinivil,lisinopril
zestril,lisinopril
campral,acamprosate calcium
lithium carbonate er,lithium carbonate
lithobid,lithium carbonate
alomide,lodoxamide tromethamine
juxtapid,lomitapide mesylate
ceenu,lomustine
gleostine,lomustine
ativan,lorazepam
lorazepam intensol,lorazepam
cozaar,losartan potassium
alrex,loteprednol etabonate
lotemax,loteprednol etabonate
altoprev,lovastatin
mevacor,lovastatin
loxitane,loxapine succinate
amitiza,lubiprostone
luzu,luliconazole
opsumit,macitentan
sulfamylon,mafenide acetate
kineret,anakinra
ovide,malathion
selzentry,maraviroc
arimidex,anastrozole
depo-provera,medroxyprogesterone acetate
depo-subq provera 104,medroxyprogesterone acetate
provera,medroxyprogesterone acetate
eraxis (water diluent),anidulafungin
ponstel,mefenamic acid
megace,megestrol acetate
megace es,megestrol acetate
mobic,meloxicam
alkeran,melphalan
dritho-scalp,anthralin
cantil,mepenzolate bromide
drithocreme hp,anthralin
mebaral,mephobarbital
purinethol,mercaptopurine
merrem,meropenem
zithranol-rr,anthralin
apriso,mesalamine
asacol,mesalamine
asacol hd,mesalamine
canasa,mesalamine
delzicol,mesalamine
lialda,mesalamine
pentasa,mesalamine
sfrowasa,mesalamine
mesnex,mesna
neptazane,methazolamide
hiprex,methenamine hippurate
tapazole,methimazole
robaxin,methocarbamol
robaxin-750,methocarbamol
rheumatrex,methotrexate sodium
trexall,methotrexate sodium
8-mop,methoxsalen
oxsoralen,methoxsalen
celontin,methsuximide
methergine,methylergonovine maleate
relistor,methylnaltrexone bromide
daytrana,methylphenidate
medrol,methylprednisolone
meprolone unipak,methylprednisolone
depo-medrol,methylprednisolone acetate
android,methyltestosterone
methitest,methyltestosterone
precose,acarbose
eliquis,apixaban
testred,methyltestosterone
optipranolol,metipranolol
zaroxolyn,metolazone
toprol xl,metoprolol succinate
lopressor,metoprolol tartrate
myalept,metreleptin
flagyl,metronidazole
flagyl er,metronidazole
metrocream,metronidazole
metrogel,metronidazole
metrogel-vaginal,metronidazole
metrolotion,metronidazole
noritate,metronidazole
nuvessa,metronidazole
rosadan,metronidazole
vandazole,metronidazole
vitazol,metronidazole
demser,metyrosine
mycamine,micafungin sodium
oravig,miconazole
otezla,apremilast
miconazole 3,miconazole nitrate
korlym,mifepristone
glyset,miglitol
zavesca,miglustat
emend,aprepitant
kynamro,mipomersen sodium
myrbetriq,mirabegron
remeron,mirtazapine
cytotec,misoprostol
lysodren,mitotane
provigil,modafinil
abilify,aripiprazole
asmanex,mometasone furoate
asmanex hfa,mometasone furoate
elocon,mometasone furoate
nasonex,mometasone furoate
abilify discmelt,aripiprazole
singulair,montelukast sodium
avinza,morphine sulfate
kadian,morphine sulfate
morphine sulfate er,morphine sulfate
ms contin,morphine sulfate
oramorph sr,morphine sulfate
roxanol,morphine sulfate
abilify maintena,aripiprazole
aripiprazole odt,aripiprazole
aristada,aripiprazole lauroxil
bactroban,mupirocin
nuvigil,armodafinil
centany,mupirocin
centany at,mupirocin
bactroban,mupirocin calcium
bactroban nasal,mupirocin calcium
trisenox,arsenic trioxide
cellcept,mycophenolate mofetil
myfortic,mycophenolate sodium
cesamet,nabilone
corgard,nadolol
synarel,nafarelin acetate
movantik,naloxegol oxalate
saphris,asenapine maleate
ec-naprosyn,naproxen
naprosyn,naproxen
anaprox,naproxen sodium
strensiq,asfotase alfa
anaprox ds,naproxen sodium
naprelan,naproxen sodium
naprelan cr dose card,naproxen sodium
naproxen sodium cr,naproxen sodium
naproxen sodium er,naproxen sodium
tysabri,natalizumab
natacyn,natamycin
starlix,nateglinide
alocril,nedocromil sodium
viracept,nelfinavir mesylate
reyataz,atazanavir sulfate
prostigmin,neostigmine bromide
ilevro,nepafenac
nevanac,nepafenac
nevirapine er,nevirapine
viramune,nevirapine
viramune xr,nevirapine
niacin er,niacin
niacor,niacin
niaspan,niacin
tenormin,atenolol
nicotine patch,nicotine
nicotrol,nicotine
nicotrol ns,nicotine
adalat cc,nifedipine
afeditab cr,nifedipine
nifediac cc,nifedipine
nifedical xl,nifedipine
nifedipine er,nifedipine
nifedipine xl,nifedipine
procardia,nifedipine
procardia xl,nifedipine
nilandron,nilutamide
ofev,nintedanib esylate
sular,nisoldipine
alinia,nitazoxanide
furadantin,nitrofurantoin
minitran,nitroglycerin
nitro-bid,nitroglycerin
nitro-dur,nitroglycerin
nitroglycerin patch,nitroglycerin
nitrolingual,nitroglycerin
nitromist,nitroglycerin
nitroquick,nitroglycerin
nitrostat,nitroglycerin
rectiv,nitroglycerin
opdivo,nivolumab
axid,nizatidine
camila,norethindrone
deblitane,norethindrone
errin,norethindrone
heather,norethindrone
jencycla,norethindrone
jolivette,norethindrone
micronor,norethindrone
nor-q-d,norethindrone
nora-be,norethindrone
lipitor,atorvastatin calcium
norlyroc,norethindrone
ortho micronor,norethindrone
sharobel,norethindrone
mepron,atovaquone
aygestin,norethindrone acetate
noroxin,norfloxacin
atropine care,atropine sulfate
nyamyc,nystatin
nystop,nystatin
isopto atropine,atropine sulfate
pedi-dri,nystatin
gazyva,obinutuzumab
sandostatin,octreotide acetate
arzerra,ofatumumab
floxin,ofloxacin
sal-tropine,atropine sulfate
ocuflox,ofloxacin
olanzapine odt,olanzapine
zyprexa,olanzapine
zyprexa zydis,olanzapine
zyprexa relprevv,olanzapine pamoate
lynparza,olaparib
benicar,olmesartan medoxomil
dipentum,olsalazine sodium
ridaura,auranofin
synribo,omacetaxine mepesuccinate
xolair,omalizumab
stendra,avanafil
prilosec,omeprazole
prilosec,omeprazole magnesium
inlyta,axitinib
ondansetron odt,ondansetron
zofran odt,ondansetron
zuplenz,ondansetron
neumega,oprelvekin
xenical,orlistat
norflex,orphenadrine citrate
tamiflu,oseltamivir phosphate
tagrisso,osimertinib mesylate
osphena,ospemifene
vidaza,azacitidine
eloxatin,oxaliplatin
oxandrin,oxandrolone
daypro,oxaprozin
azasan,azathioprine
oxtellar xr,oxcarbazepine
trileptal,oxcarbazepine
oxistat,oxiconazole nitrate
gelnique,oxybutynin
oxytrol,oxybutynin
ditropan xl,oxybutynin chloride
gelnique,oxybutynin chloride
oxybutynin chloride er,oxybutynin chloride
imuran,azathioprine
azelex,azelaic acid
anadrol-50,oxymetholone
pitocin,oxytocin
finacea,azelaic acid
onxol,paclitaxel
ibrance,palbociclib
invega,paliperidone
paliperidone er,paliperidone
invega sustenna,paliperidone palmitate
invega trinza,paliperidone palmitate
synagis,palivizumab
vectibix,panitumumab
farydak,panobinostat lactate
protonix,pantoprazole sodium
protonix iv,pantoprazole sodium
natpara,parathyroid hormone
zemplar,paricalcitol
brisdelle,paroxetine mesylate
pexeva,paroxetine mesylate
signifor,pasireotide diaspartate
signifor lar,pasireotide pamoate
adagen,pegademase bovine
neulasta,pegfilgrastim
pegasys,peginterferon alfa-2a
pegasys proclick,peginterferon alfa-2a
pegintron,peginterferon alfa-2b
pegintron redipen,peginterferon alfa-2b
sylatron,peginterferon alfa-2b
sylatron 4-pack,peginterferon alfa-2b
plegridy,peginterferon beta-1a
plegridy pen,peginterferon beta-1a
krystexxa,pegloticase
somavert,pegvisomant
keytruda,pembrolizumab
alimta,pemetrexed disodium
edarbi,azilsartan medoxomil
azasite,azithromycin
zithromax,azithromycin
levatol,penbutolol sulfate
denavir,penciclovir
zithromax tri-pak,azithromycin
cuprimine,penicillamine
depen,penicillamine
bicillin l-a,penicillin g benzathine
pfizerpen,penicillin g potassium
nebupent,pentamidine isethionate
pentam 300,pentamidine isethionate
zmax,azithromycin
talwin,pentazocine lactate
elmiron,pentosan polysulfate sodium
nipent,pentostatin
pentopak,pentoxifylline
pentoxil,pentoxifylline
trental,pentoxifylline
fycompa,perampanel
aceon,perindopril erbumine
acticin,permethrin
elimite,permethrin
azactam,aztreonam
perjeta,pertuzumab
nardil,phenelzine sulfate
cayston,aztreonam lysine
dilantin,phenytoin
dilantin-125,phenytoin
mephyton,phytonadione
vitamin k1,phytonadione
elidel,pimecrolimus
orap,pimozide
maxair autohaler,pirbuterol acetate
esbriet,pirfenidone
feldene,piroxicam
livalo,pitavastatin calcium
mozobil,plerixafor
baciim,bacitracin
gablofen,baclofen
condylox,podofilox
lioresal intrathecal,baclofen
pomalyst,pomalidomide
noxafil,posaconazole
epiklor,potassium chloride
k-sol,potassium chloride
k-tab er,potassium chloride
kaon-cl 10,potassium chloride
klor-con,potassium chloride
klor-con 10,potassium chloride
klor-con 8,potassium chloride
klor-con m10,potassium chloride
klor-con m15,potassium chloride
klor-con m20,potassium chloride
klor-con sprinkle,potassium chloride
micro-k,potassium chloride
potassium citrate er,potassium citrate
urocit-k,potassium citrate
sski,potassium iodide
betadine,povidone-iodine
folotyn,pralatrexate
symlin,pramlintide acetate
symlinpen 120,pramlintide acetate
symlinpen 60,pramlintide acetate
pravachol,pravastatin sodium
biltricide,praziquantel
dermatop,prednicarbate
millipred,prednisolone
millipred dp,prednisolone
prelone,prednisolone
colazal,balsalazide disodium
omnipred,prednisolone acetate
pred forte,prednisolone acetate
pred mild,prednisolone acetate
giazo,balsalazide disodium
deltasone,prednisone
prednisone intensol,prednisone
rayos,prednisone
lyrica,pregabalin
regranex,becaplermin
beconase aq,beclomethasone dipropionate
qnasl,beclomethasone dipropionate
qnasl children,beclomethasone dipropionate
mysoline,primidone
qvar,beclomethasone dipropionate
compazine,prochlorperazine
compro,prochlorperazine
compazine,prochlorperazine maleate
sirturo,bedaquiline fumarate
progesterone in oil,progesterone
nulojix,belatacept
benlysta,belimumab
mestinon,pyridostigmine bromide
pyridostigmine bromide er,pyridostigmine bromide
regonol,pyridostigmine bromide
daraprim,pyrimethamine
doral,quazepam
seroquel,quetiapine fumarate
seroquel xr,quetiapine fumarate
qualaquin,quinine sulfate
synercid,quinupristin/dalfopristin
aciphex,rabeprazole sodium
aciphex sprinkle,rabeprazole sodium
isentress,raltegravir potassium
rozerem,ramelteon
altace,ramipril
cyramza,ramucirumab
lucentis,ranibizumab
ranexa,ranolazine
azilect,rasagiline mesylate
stivarga,regorafenib
prandin,repaglinide
benzotic,benzocaine
altabax,retapamulin
copegus,ribavirin
moderiba,ribavirin
rebetol,ribavirin
ribapak,ribavirin
pinnacaine,benzocaine
ribasphere,ribavirin
ribasphere ribapak,ribavirin
mycobutin,rifabutin
rifadin,rifampin
priftin,rifapentine
xifaxan,rifaximin
arcalyst,rilonacept
rilutek,riluzole
vexol,rimexolone
adempas,riociguat
actonel,risedronate sodium
atelvia,risedronate sodium
risedronate sodium dr,risedronate sodium
risperdal,risperidone
risperdal m-tab,risperidone
risperidone odt,risperidone
norvir,ritonavir
rituxan,rituximab
xarelto,rivaroxaban
exelon,rivastigmine
exelon,rivastigmine tartrate
maxalt,rizatriptan benzoate
maxalt mlt,rizatriptan benzoate
daliresp,roflumilast
varubi,rolapitant hydrochloride
istodax,romidepsin
nplate,romiplostim
tessalon perle,benzonatate
avandia,rosiglitazone maleate
crestor,rosuvastatin calcium
neupro,rotigotine
banzel,rufinamide
zonatuss,benzonatate
jakafi,ruxolitinib phosphate
sucraid,sacrosidase
aliclen,salicylic acid
benzefoam,benzoyl peroxide
bensal hp,salicylic acid
durasal,salicylic acid
keralyt,salicylic acid
keralyt scalp,salicylic acid
sa 6%,salicylic acid
salacyn,salicylic acid
salex,salicylic acid
salitop,salicylic acid
salvax,salicylic acid
benzefoam ultra,benzoyl peroxide
virasal,salicylic acid
serevent diskus,salmeterol xinafoate
disalcid,salsalate
benzepro,benzoyl peroxide
kuvan,sapropterin dihydrochloride
invirase,saquinavir mesylate
leukine,sargramostim
transderm-scop,scopolamine
isopto hyoscine,scopolamine hydrobromide
scopace,scopolamine hydrobromide
seconal sodium,secobarbital sodium
cosentyx (2 syringes),secukinumab
cosentyx pen,secukinumab
cosentyx pen (2 pens),secukinumab
cosentyx syringe,secukinumab
emsam,selegiline
selenos,selenium sulfide
bp wash,benzoyl peroxide
tersi foam,selenium sulfide
ertaczo,sertaconazole nitrate
renvela,sevelamer carbonate
revatio,sildenafil citrate
viagra,sildenafil citrate
bpo,benzoyl peroxide
rapaflo,silodosin
sylvant,siltuximab
silvadene,silver sulfadiazine
ssd,silver sulfadiazine
ssd af,silver sulfadiazine
thermazene,silver sulfadiazine
olysio,simeprevir sodium
clinac bpo,benzoyl peroxide
zocor,simvastatin
veregen,sinecatechins
rapamune,sirolimus
januvia,sitagliptin phosphate
desquam-x,benzoyl peroxide
neut,sodium bicarbonate
lavoclen-4,benzoyl peroxide
lavoclen-8,benzoyl peroxide
clinpro 5000,sodium fluoride
control rx,sodium fluoride
denta 5000 plus,sodium fluoride
dentagel,sodium fluoride
epiflur,sodium fluoride
ethedent,sodium fluoride
fluor-a-day,sodium fluoride
fluoride,sodium fluoride
oscion,benzoyl peroxide
fluoridex daily defense,sodium fluoride
fluoridex defense whitening,sodium fluoride
fluoritab,sodium fluoride
lozi-flur,sodium fluoride
ludent fluoride,sodium fluoride
phos-flur,sodium fluoride
prevident,sodium fluoride
prevident 5000,sodium fluoride
prevident 5000 plus,sodium fluoride
renaf,sodium fluoride
triaz,benzoyl peroxide
sf,sodium fluoride
sf 5000 plus,sodium fluoride
glycophos,sodium glycerophosphate
xyrem,sodium oxybate
buphenyl,sodium phenylbutyrate
kayexalate,sodium polystyrene sulfonate
kionex,sodium polystyrene sulfonate
sps,sodium polystyrene sulfonate
sovaldi,sofosbuvir
vesicare,solifenacin succinate
genotropin,somatropin
humatrope,somatropin
norditropin,somatropin
norditropin flexpro,somatropin
norditropin nordiflex,somatropin
nutropin,somatropin
nutropin aq,somatropin
nutropin aq nuspin,somatropin
omnitrope,somatropin
saizen,somatropin
serostim,somatropin
tev-tropin,somatropin
zomacton,somatropin
zorbtive,somatropin
odomzo,sonidegib phosphate
nexavar,sorafenib tosylate
aldactone,spironolactone
gel-kam,stannous fluoride
periomed,stannous fluoride
zerit,stavudine
zanosar,streptozocin
carafate,sucralfate
velphoro,sucroferric oxyhydroxide
sufenta,sufentanil citrate
exelderm,sulconazole nitrate
10 wash,sulfacetamide sodium
bleph-10,sulfacetamide sodium
klaron,sulfacetamide sodium
ovace plus,sulfacetamide sodium
seb-prev,sulfacetamide sodium
sodium sulfacetamide,sulfacetamide sodium
sulfamide,sulfacetamide sodium
cogentin,benztropine mesylate
ulesfia,benzyl alcohol
avc,sulfanilamide
azulfidine,sulfasalazine
sulfasalazine dr,sulfasalazine
clinoril,sulindac
imitrex,sumatriptan
alsuma,sumatriptan succinate
imitrex,sumatriptan succinate
sumavel dosepro,sumatriptan succinate
sutent,sunitinib malate
cystadane,betaine
celestone,betamethasone
beta-val,betamethasone valerate
luxiq,betamethasone valerate
astagraf xl,tacrolimus
hecoria,tacrolimus
prograf,tacrolimus
protopic,tacrolimus
adcirca,tadalafil
cialis,tadalafil
elelyso,taliglucerase alfa
soltamox,tamoxifen citrate
hetlioz,tasimelteon
avage,tazarotene
fabior,tazarotene
tazorac,tazarotene
sivextro,tedizolid phosphate
gattex,teduglutide
incivek,telaprevir
tyzeka,telbivudine
ketek,telithromycin
urecholine,bethanechol chloride
micardis,telmisartan
restoril,temazepam
temodar,temozolomide
torisel,temsirolimus
avastin,bevacizumab
viread,tenofovir disoproxil fumarate
terazol 3,terconazole
terazol 7,terconazole
zazole,terconazole
aubagio,teriflunomide
forteo,teriparatide
egrifta,tesamorelin acetate
androderm,testosterone
androgel,testosterone
axiron,testosterone
fortesta,testosterone
natesto,testosterone
striant,testosterone
testim,testosterone
targretin,bexarotene
testopel,testosterone
vogelxo,testosterone
depo-testosterone,testosterone cypionate
delatestryl,testosterone enanthate
aveed,testosterone undecanoate
xenazine,tetrabenazine
casodex,bicalutamide
thalomid,thalidomide
tabloid,thioguanine
navane,thiothixene
latisse,bimatoprost
brilinta,ticagrelor
tygacil,tigecycline
betimol,timolol
istalol,timolol maleate
timoptic,timolol maleate
timoptic-xe,timolol maleate
lumigan,bimatoprost
tindamax,tinidazole
thiola,tiopronin
spiriva,tiotropium bromide
spiriva respimat,tiotropium bromide
aptivus,tipranavir
bethkis,tobramycin
tobi podhaler,tobramycin
tobrex,tobramycin
actemra,tocilizumab
xeljanz,tofacitinib citrate
tasmar,tolcapone
detrol,tolterodine tartrate
detrol la,tolterodine tartrate
tolterodine tartrate er,tolterodine tartrate
samsca,tolvaptan
qudexy xr,topiramate
topamax,topiramate
topiramate er,topiramate
trokendi xr,topiramate
fareston,toremifene citrate
demadex,torsemide
mekinist,trametinib dimethyl sulfoxide
mavik,trandolapril
cyklokapron,tranexamic acid
lysteda,tranexamic acid
parnate,tranylcypromine sulfate
herceptin,trastuzumab
travatan z,travoprost
zebeta,bisoprolol fumarate
atralin,tretinoin
avita,tretinoin
retin-a,tretinoin
tretin-x,tretinoin
azmacort,triamcinolone acetonide
kenalog,triamcinolone acetonide
kenalog-10,triamcinolone acetonide
kenalog-40,triamcinolone acetonide
nasacort aq,triamcinolone acetonide
oralone,triamcinolone acetonide
trianex,triamcinolone acetonide
triderm,triamcinolone acetonide
aristospan,triamcinolone hexacetonide
dyrenium,triamterene
halcion,triazolam
viroptic,trifluridine
primsol,trimethoprim
blincyto,blinatumomab
surmontil,trimipramine maleate
trelstar,triptorelin pamoate
trelstar depot,triptorelin pamoate
trelstar la,triptorelin pamoate
mydriacyl,tropicamide
sanctura,trospium chloride
sanctura xr,trospium chloride
victrelis,boceprevir
trospium chloride er,trospium chloride
ella,ulipristal acetate
incruse ellipta,umeclidinium bromide
aluvea,urea
carmol 40,urea
cem-urea,urea
velcade,bortezomib
hydro 35,urea
hydro 40,urea
kerafoam,urea
keralac,urea
keratol 40,urea
re-u40,urea
rea lo 40,urea
remeven,urea
tl 45% urea,urea
umecta,urea
tracleer,bosentan
umecta pd,urea
uramaxin,urea
uramaxin gt,urea
urea 40,urea
urealac,urea
x-viate,urea
bosulif,bosutinib
actigall,ursodiol
urso,ursodiol
urso forte,ursodiol
adcetris,brentuximab vedotin
stelara,ustekinumab
depakene,valproic acid
stavzor,valproic acid
rexulti,brexpiprazole
valstar,valrubicin
diovan,valsartan
alphagan p,brimonidine tartrate
caprelsa,vandetanib
chantix,varenicline tartrate
pitressin,vasopressin
entyvio,vedolizumab
vpriv,velaglucerase alfa
zelboraf,vemurafenib
mirvaso,brimonidine tartrate
visudyne,verteporfin
sabril,vigabatrin
viibryd,vilazodone hydrochloride
vincasar pfs,vincristine sulfate
erivedge,vismodegib
azopt,brinzolamide
zontivity,vorapaxar sulfate
vfend,voriconazole
vfend iv,voriconazole
zolinza,vorinostat
brintellix,vortioxetine hydrobromide
coumadin,warfarin sodium
jantoven,warfarin sodium
bromday,bromfenac sodium
accolate,zafirlukast
sonata,zaleplon
relenza,zanamivir
prialt,ziconotide acetate
retrovir,zidovudine
galzin,zinc acetate
zincate,zinc sulfate
geodon,ziprasidone mesylate
prolensa,bromfenac sodium
zometa,zoledronic acid
zolmitriptan odt,zolmitriptan
zomig,zolmitriptan
zomig zmt,zolmitriptan
ambien,zolpidem tartrate
ambien cr,zolpidem tartrate
xibrom,bromfenac sodium
edluar,zolpidem tartrate
intermezzo,zolpidem tartrate
zolpidem tartrate er,zolpidem tartrate
zolpimist,zolpidem tartrate
zonegran,zonisamide
diamox sequels,acetazolamide
cycloset,bromocriptine mesylate
parlodel,bromocriptine mesylate
bpm,brompheniramine maleate
bromax,brompheniramine maleate
lodrane 24,brompheniramine maleate
lohist 12hr,brompheniramine maleate
respa-br,brompheniramine maleate
budesonide ec,budesonide
entocort ec,budesonide
pulmicort,budesonide
pulmicort flexhaler,budesonide
rhinocort aqua,budesonide
uceris,budesonide
butrans,buprenorphine
myleran,busulfan
gynazole-1,butoconazole nitrate
gynazole 1,butoconazole nitrate
jevtana,cabazitaxel
cometriq,cabozantinib s-malate
calcitrene,calcipotriene
dovonex,calcipotriene
sorilux,calcipotriene
lithostat,acetohydroxamic acid
rocaltrol,calcitriol
vectical,calcitriol
eliphos,calcium acetate
phoslo,calcium acetate
phoslyra,calcium acetate
invokana,canagliflozin
atacand,candesartan cilexetil
capastat sulfate,capreomycin sulfate
isopto carbachol,carbachol
carbamazepine er,carbamazepine
carbamazepine xr,carbamazepine
carbatrol,carbamazepine
epitol,carbamazepine
equetro,carbamazepine
tegretol,carbamazepine
tegretol xr,carbamazepine
arbinoxa,carbinoxamine maleate
karbinal er,carbinoxamine maleate
palgic,carbinoxamine maleate
availnex,carbocysteine
carbaglu,carglumic acid
soma,carisoprodol
bicnu,carmustine
coreg,carvedilol
coreg cr,carvedilol phosphate
cancidas,caspofungin acetate
cefaclor er,cefaclor
omnicef,cefdinir
spectracef,cefditoren pivoxil
suprax,cefixime
claforan,cefotaxime sodium
fortaz,ceftazidime
soriatane,acitretin
tazicef,ceftazidime
cedax,ceftibuten
rocephin,ceftriaxone sodium
ceftin,cefuroxime axetil
zinacef,cefuroxime sodium
celebrex,celecoxib
keflex,cephalexin
zykadia,ceritinib
tudorza pressair,aclidinium bromide
cimzia,certolizumab pegol
erbitux,cetuximab
chenodal,chenodiol
somnote,chloral hydrate
leukeran,chlorambucil
paroex,chlorhexidine gluconate
periogard,chlorhexidine gluconate
zovirax,acyclovir
aralen phosphate,chloroquine phosphate
diuril,chlorothiazide
humira/humira pen,adalimumab
thalitone,chlorthalidone
lorzone,chlorzoxazone
parafon forte dsc,chlorzoxazone
alvesco,ciclesonide
omnaris,ciclesonide
zetonna,ciclesonide
ciclodan,ciclopirox
loprox,ciclopirox
differin,adapalene
penlac,ciclopirox
ciclodan,ciclopirox olamine
vistide,cidofovir
pletal,cilostazol
cipro,ciprofloxacin
celexa,citalopram hydrobromide
citalopram hbr,citalopram hydrobromide
biaxin,clarithromycin
biaxin xl,clarithromycin
hepsera,adefovir dipivoxil
clarithromycin er,clarithromycin
cleocin,clindamycin phosphate
cleocin phosphate,clindamycin phosphate
cleocin t,clindamycin phosphate
clindacin etz,clindamycin phosphate
gilotrif,afatinib dimaleate
clindacin p,clindamycin phosphate
clindagel,clindamycin phosphate
clindamax,clindamycin phosphate
clindareach,clindamycin phosphate
clindesse,clindamycin phosphate
evoclin,clindamycin phosphate
eylea,aflibercept
onfi,clobazam
clobex,clobetasol propionate
clodan,clobetasol propionate
cormax,clobetasol propionate
olux,clobetasol propionate
temovate,clobetasol propionate
fabrazyme,agalsidase beta
cloderm,clocortolone pivalate
albenza,albendazole
klonopin,clonazepam
catapres-tts 1,clonidine
catapres-tts 2,clonidine
catapres-tts 3,clonidine
tanzeum,albiglutide
plavix,clopidogrel bisulfate
tranxene t-tab,clorazepate dipotassium
albumin (human),albumin human
clozapine odt,clozapine
clozaril,clozapine
fazaclo,clozapine
versacloz,clozapine
tybost,cobicistat
cotellic,cobimetinib fumarate
albuminar-25,albumin human
colcrys,colchicine
albuminar-5,albumin human
h.p. acthar,corticotropin
xalkori,crizotinib
alburx,albumin human
crolom,cromolyn sodium
gastrocrom,cromolyn sodium
albutein,albumin human
flexbumin,albumin human
plasbumin-25,albumin human
seromycin,cycloserine
restasis,cyclosporine
sandimmune,cyclosporine
proventil,albuterol
accuneb,albuterol sulfate
pradaxa,dabigatran etexilate mesylate
tafinlar,dabrafenib mesylate
daklinza,daclatasvir dihydrochloride
ampyra,dalfampridine
dantrium,dantrolene sodium
farxiga,dapagliflozin propanediol
aczone,dapsone
cubicin,daptomycin
darzalex,daratumumab
enablex,darifenacin hydrobromide
prezista,darunavir ethanolate
proair hfa,albuterol sulfate
sprycel,dasatinib
dacogen,decitabine
exjade,deferasirox
jadenu,deferasirox
ferriprox,deferiprone
desferal,deferoxamine mesylate
desferal mesylate,deferoxamine mesylate
proair respiclick,albuterol sulfate
firmagon,degarelix acetate
rescriptor,delavirdine mesylate
prolia,denosumab
xgeva,denosumab
clarinex,desloratadine
proventil hfa,albuterol sulfate
ddavp,desmopressin acetate
stimate,desmopressin acetate
ventolin hfa,albuterol sulfate
vospire er,albuterol sulfate
desonate,desonide
desowen,desonide
lokara,desonide
verdeso,desonide
lastacaft,alcaftadine
topicort,desoximetasone
desvenlafaxine er,desvenlafaxine
khedezla,desvenlafaxine
pristiq er,desvenlafaxine succinate
baycadron,dexamethasone
aclovate,alclometasone dipropionate
dexamethasone intensol,dexamethasone
dexpak,dexamethasone
maxidex,dexamethasone
ozurdex,dexamethasone
zema-pak,dexamethasone
dexilant,dexlansoprazole
kapidex,dexlansoprazole
dexedrine,dextroamphetamine sulfate
dextroamphetamine sulfate er,dextroamphetamine sulfate
procentra,dextroamphetamine sulfate
zenzedi,dextroamphetamine sulfate
glutose 15,dextrose
diastat,diazepam
diastat acudial,diazepam
valium,diazepam
proglycem,diazoxide
keveyis,dichlorphenamide
cambia,diclofenac potassium
cataflam,diclofenac potassium
zipsor,diclofenac potassium
diclofenac sodium er,diclofenac sodium
pennsaid,diclofenac sodium
solaraze,diclofenac sodium
voltaren,diclofenac sodium
voltaren-xr,diclofenac sodium
videx,didanosine
videx ec,didanosine
psorcon,diflorasone diacetate
durezol,difluprednate
digitek,digoxin
digoxin/digox,digoxin
lanoxin,digoxin
d.h.e.45,dihydroergotamine mesylate
migranal,dihydroergotamine mesylate
tecfidera,dimethyl fumarate
rimso-50,dimethyl sulfoxide
persantine,dipyridamole
norpace,disopyramide phosphate
norpace cr,disopyramide phosphate
antabuse,disulfiram
depakote,divalproex sodium
depakote er,divalproex sodium
depakote sprinkle,divalproex sodium
divalproex sodium er,divalproex sodium
taxotere,docetaxel
tikosyn,dofetilide
anzemet,dolasetron mesylate
tivicay,dolutegravir sodium
doribax,doripenem
pulmozyme,dornase alfa
cardura,doxazosin mesylate
cardura xl,doxazosin mesylate
hectorol,doxercalciferol
proleukin,aldesleukin
vibramycin,doxycycline calcium
doryx,doxycycline hyclate
doxy 100,doxycycline hyclate
morgidox,doxycycline hyclate
periostat,doxycycline hyclate
vibramycin,doxycycline hyclate
alecensa,alectinib hydrochloride
marinol,dronabinol
amevive,alefacept
northera,droxidopa
trulicity,dulaglutide
avodart,dutasteride
campath,alemtuzumab
dylix,dyphylline
lufyllin,dyphylline
kalbitor,ecallantide
phospholine iodide,echothiophate iodide
spectazole,econazole nitrate
soliris,eculizumab
lemtrada,alemtuzumab
sustiva,efavirenz
jublia,efinaconazole
cerdelga,eliglustat tartrate
vimizim,elosulfase alfa
promacta,eltrombopag olamine
vitekta,elvitegravir
emadine,emedastine difumarate
jardiance,empagliflozin
emtriva,emtricitabine
binosto,alendronate sodium
epaned,enalapril maleate
vasotec,enalapril maleate
fuzeon,enfuvirtide
lovenox,enoxaparin sodium
comtan,entacapone
fosamax,alendronate sodium
baraclude,entecavir
xtandi,enzalutamide
adrenaclick,epinephrine
adrenalin,epinephrine
adrenalin chloride,epinephrine
auvi-q,epinephrine
epipen,epinephrine
epipen 2-pak,epinephrine
epipen jr,epinephrine
epipen jr 2-pak,epinephrine
twinject,epinephrine
inspra,eplerenone
epogen,epoetin alfa
procrit,epoetin alfa
teveten,eprosartan mesylate
ziagen,abacavir sulfate
ergomar,ergotamine tartrate
halaven,eribulin mesylate
lumizyme,alglucosidase alfa
invanz,ertapenem sodium
praluent pen,alirocumab
e.e.s. 200,erythromycin ethylsuccinate
e.e.s. 400,erythromycin ethylsuccinate
eryped 200,erythromycin ethylsuccinate
eryped 400,erythromycin ethylsuccinate
erythrocin lactobionate,erythromycin lactobionate
erythrocin stearate,erythromycin stearate
praluent syringe,alirocumab
lexapro,escitalopram oxalate
aptiom,eslicarbazepine acetate
nexium,esomeprazole magnesium
nexium i.v.,esomeprazole sodium
alora,estradiol
climara,estradiol
divigel,estradiol
elestrin,estradiol
estrace,estradiol
estraderm,estradiol
estrasorb,estradiol
estring,estradiol
estrogel,estradiol
evamist,estradiol
menostar,estradiol
minivelle,estradiol
vagifem,estradiol
vivelle,estradiol
vivelle-dot,estradiol
femring,estradiol acetate
femtrace,estradiol acetate
depo-estradiol,estradiol cypionate
delestrogen,estradiol valerate
emcyt,estramustine phosphate sodium
premarin,"estrogens, conjugated"
lunesta,eszopiclone
enbrel,etanercept
sodium edecrin,ethacrynate sodium
edecrin,ethacrynic acid
panretin,alitretinoin
trecator,ethionamide
zarontin,ethosuximide
peganone,ethotoin
didronel,etidronate disodium
etodolac er,etodolac
implanon,etonogestrel
zyloprim,allopurinol
nexplanon,etonogestrel
toposar,etoposide
etopophos,etoposide phosphate
intelence,etravirine
afinitor,everolimus
afinitor disperz,everolimus
zortress,everolimus
repatha sureclick,evolocumab
repatha syringe,evolocumab
aromasin,exemestane
byetta,exenatide
zetia,ezetimibe
axert,almotriptan malate
potiga,ezogabine
famvir,famciclovir
pepcid,famotidine
intralipid,fat emulsions
liposyn iii,fat emulsions
nutrilipid,fat emulsions
nesina,alogliptin benzoate
uloric,febuxostat
felbatol,felbamate
felodipine er,felodipine
fenoglide,fenofibrate
lipofen,fenofibrate
lofibra,fenofibrate
nalfon,fenoprofen calcium
duragesic,fentanyl
subsys,fentanyl
abstral,fentanyl citrate
actiq,fentanyl citrate
fentora,fentanyl citrate
lazanda,fentanyl citrate
onsolis,fentanyl citrate
auryxia,ferric citrate
toviaz,fesoterodine fumarate
dificid,fidaxomicin
neupogen,filgrastim
propecia,finasteride
proscar,finasteride
tambocor,flecainide acetate
diflucan,fluconazole
ancobon,flucytosine
oforta,fludarabine phosphate
aerobid,flunisolide
aerospan,flunisolide
nasarel,flunisolide
capex shampoo,fluocinolone acetonide
derma-smoothe-fs,fluocinolone acetonide
synalar,fluocinolone acetonide
alprazolam er,alprazolam
vanos,fluocinonide
alprazolam intensol,alprazolam
fluor-op,fluorometholone
fml,fluorometholone
fml forte,fluorometholone
fml s.o.p.,fluorometholone
flarex,fluorometholone acetate
adrucil,fluorouracil
carac,fluorouracil
efudex,fluorouracil
fluoroplex,fluorouracil
alprazolam odt,alprazolam
tolak,fluorouracil
androxy,fluoxymesterone
alprazolam xr,alprazolam
cordran,flurandrenolide
ocufen,flurbiprofen sodium
arnuity ellipta,fluticasone furoate
veramyst,fluticasone furoate
cutivate,fluticasone propionate
flonase,fluticasone propionate
niravam,alprazolam
flovent diskus,fluticasone propionate
flovent hfa,fluticasone propionate
fluvastatin er,fluvastatin sodium
lescol,fluvastatin sodium
lescol xl,fluvastatin sodium
xanax,alprazolam
fluvoxamine maleate er,fluvoxamine maleate
luvox cr,fluvoxamine maleate
duleek-dp 15,folic acid
duleek-dp 7.5,folic acid
xanax xr,alprazolam
arixtra,fondaparinux sodium
foradil,formoterol fumarate
perforomist,formoterol fumarate
lexiva,fosamprenavir calcium
emend,fosaprepitant dimeglumine
foscavir,foscarnet sodium
monurol,fosfomycin tromethamine
cerebyx,fosphenytoin sodium
frova,frovatriptan succinate
faslodex,fulvestrant
caverject,alprostadil
lasix,furosemide
gralise,gabapentin
neurontin,gabapentin
naglazyme,galsulfase
edex,alprostadil
zirgan,ganciclovir
cytovene,ganciclovir sodium
zymar,gatifloxacin
zymaxid,gatifloxacin
muse,alprostadil
iressa,gefitinib
lopid,gemfibrozil
factive,gemifloxacin mesylate
prostin vr pediatric,alprostadil
garamycin,gentamicin sulfate
gentak,gentamicin sulfate
copaxone,glatiramer acetate
glatopa,glatiramer acetate
amaryl,glimepiride
hexalen,altretamine
glipizide er,glipizide
glipizide xl,glipizide
glucotrol,glipizide
glucotrol xl,glipizide
drysol,aluminum chloride
diabeta,glyburide
ravicti,glycerol phenylbutyrate
cuvposa,glycopyrrolate
robinul,glycopyrrolate
hypercare,aluminum chloride
robinul forte,glycopyrrolate
myochrysine,gold sodium thiomalate
simponi,golimumab
simponi aria,golimumab
zoladex,goserelin acetate
sancuso,granisetron
xerac ac,aluminum chloride
mytelase,ambenonium chloride
letairis,ambrisentan
halog,halcinonide
ultravate,halobetasol propionate
haldol decanoate 100,haloperidol decanoate
haldol decanoate 50,haloperidol decanoate
haloperidol decanoate 100,haloperidol decanoate
haldol,haloperidol lactate
hyperhep b s-d,hepatitis b immune globulin
nabi-hb,hepatitis b immune globulin
phisohex,hexachlorophene
microzide,hydrochlorothiazide
hysingla er,hydrocodone bitartrate
zohydro er,hydrocodone bitartrate
orencia,abatacept
ala-cort,hydrocortisone
ala-scalp,hydrocortisone
anusol-hc,hydrocortisone
colocort,hydrocortisone
cortef,hydrocortisone
cortenema,hydrocortisone
procto-kit,hydrocortisone
procto-pak,hydrocortisone
proctocort,hydrocortisone
proctocream-hc,hydrocortisone
proctosol-hc,hydrocortisone
proctozone-hc,hydrocortisone
scalacort,hydrocortisone
texacort,hydrocortisone
anucort-hc,hydrocortisone acetate
cortifoam,hydrocortisone acetate
locoid,hydrocortisone butyrate
pandel,hydrocortisone probutate
westcort,hydrocortisone valerate
melquin-3,hydroquinone
melquin hp,hydroquinone
plaquenil,hydroxychloroquine sulfate
makena,hydroxyprogesterone caproate
droxia,hydroxyurea
hydrea,hydroxyurea
vistaril,hydroxyzine pamoate
anaspaz,hyoscyamine sulfate
ed-spaz,hyoscyamine sulfate
hyomax,hyoscyamine sulfate
hyomax-dt,hyoscyamine sulfate
hyomax-ft,hyoscyamine sulfate
hyomax-sl,hyoscyamine sulfate
hyomax-sr,hyoscyamine sulfate
hyoscyamine sulfate er,hyoscyamine sulfate
hyosyne,hyoscyamine sulfate
levbid,hyoscyamine sulfate
amicar,aminocaproic acid
levsin,hyoscyamine sulfate
levsin-sl,hyoscyamine sulfate
nulev,hyoscyamine sulfate
oscimin,hyoscyamine sulfate
oscimin sl,hyoscyamine sulfate
symax,hyoscyamine sulfate
symax-sl,hyoscyamine sulfate
symax-sr,hyoscyamine sulfate
symax duotab,hyoscyamine sulfate
boniva,ibandronate sodium
imbruvica,ibrutinib
firazyr,icatibant acetate
zydelig,idelalisib
elaprase,idursulfase
fanapt,iloperidone
ventavis,iloprost tromethamine
gleevec,imatinib mesylate
cerezyme,imiglucerase
tofranil-pm,imipramine pamoate
aldara,imiquimod
zyclara,imiquimod
paser,aminosalicylic acid
arcapta neohaler,indacaterol maleate
crixivan,indinavir sulfate
indocin,indomethacin
remicade,infliximab
picato,ingenol mebutate
novolog,insulin aspart
novolog flexpen,insulin aspart
tresiba flextouch u-100,insulin degludec
tresiba flextouch u-200,insulin degludec
levemir,insulin detemir
levemir flexpen,insulin detemir
levemir flextouch,insulin detemir
apidra,insulin glulisine
apidra solostar,insulin glulisine
humalog,insulin lispro
humalog kwikpen u-100,insulin lispro
humalog kwikpen u-200,insulin lispro
infergen,interferon alfacon-1
avonex,interferon beta-1a
avonex pen,interferon beta-1a
betaseron,interferon beta-1b
extavia,interferon beta-1b
aphthasol,amlexanox
yodoxin,iodoquinol
yervoy,ipilimumab
atrovent,ipratropium bromide
atrovent hfa,ipratropium bromide
